,Make,Model,Type,Origin,DriveTrain,MSRP,Invoice,EngineSize,Cylinders,Horsepower,MPG_City,MPG_Highway,Weight,Wheelbase,Length,avgmpg
0,Acura,MDX,SUV,Asia,All,"$36,945","$33,337",3.5,6.0,265,17,23,4451,106,189,20.0
1,Acura,RSX Type S 2dr,Sedan,Asia,Front,"$23,820","$21,761",2.0,4.0,200,24,31,2778,101,172,27.5
2,Acura,TSX 4dr,Sedan,Asia,Front,"$26,990","$24,647",2.4,4.0,200,22,29,3230,105,183,25.5
3,Acura,TL 4dr,Sedan,Asia,Front,"$33,195","$30,299",3.2,6.0,270,20,28,3575,108,186,24.0
4,Acura,3.5 RL 4dr,Sedan,Asia,Front,"$43,755","$39,014",3.5,6.0,225,18,24,3880,115,197,21.0
5,Acura,3.5 RL w/Navigation 4dr,Sedan,Asia,Front,"$46,100","$41,100",3.5,6.0,225,18,24,3893,115,197,21.0
6,Acura,NSX coupe 2dr manual S,Sports,Asia,Rear,"$89,765","$79,978",3.2,6.0,290,17,24,3153,100,174,20.5
7,Audi,A4 1.8T 4dr,Sedan,Europe,Front,"$25,940","$23,508",1.8,4.0,170,22,31,3252,104,179,26.5
8,Audi,A41.8T convertible 2dr,Sedan,Europe,Front,"$35,940","$32,506",1.8,4.0,170,23,30,3638,105,180,26.5
9,Audi,A4 3.0 4dr,Sedan,Europe,Front,"$31,840","$28,846",3.0,6.0,220,20,28,3462,104,179,24.0
10,Audi,A4 3.0 Quattro 4dr manual,Sedan,Europe,All,"$33,430","$30,366",3.0,6.0,220,17,26,3583,104,179,21.5
11,Audi,A4 3.0 Quattro 4dr auto,Sedan,Europe,All,"$34,480","$31,388",3.0,6.0,220,18,25,3627,104,179,21.5
12,Audi,A6 3.0 4dr,Sedan,Europe,Front,"$36,640","$33,129",3.0,6.0,220,20,27,3561,109,192,23.5
13,Audi,A6 3.0 Quattro 4dr,Sedan,Europe,All,"$39,640","$35,992",3.0,6.0,220,18,25,3880,109,192,21.5
14,Audi,A4 3.0 convertible 2dr,Sedan,Europe,Front,"$42,490","$38,325",3.0,6.0,220,20,27,3814,105,180,23.5
15,Audi,A4 3.0 Quattro convertible 2dr,Sedan,Europe,All,"$44,240","$40,075",3.0,6.0,220,18,25,4013,105,180,21.5
16,Audi,A6 2.7 Turbo Quattro 4dr,Sedan,Europe,All,"$42,840","$38,840",2.7,6.0,250,18,25,3836,109,192,21.5
17,Audi,A6 4.2 Quattro 4dr,Sedan,Europe,All,"$49,690","$44,936",4.2,8.0,300,17,24,4024,109,193,20.5
18,Audi,A8 L Quattro 4dr,Sedan,Europe,All,"$69,190","$64,740",4.2,8.0,330,17,24,4399,121,204,20.5
19,Audi,S4 Quattro 4dr,Sedan,Europe,All,"$48,040","$43,556",4.2,8.0,340,14,20,3825,104,179,17.0
20,Audi,RS 6 4dr,Sports,Europe,Front,"$84,600","$76,417",4.2,8.0,450,15,22,4024,109,191,18.5
21,Audi,TT 1.8 convertible 2dr (coupe),Sports,Europe,Front,"$35,940","$32,512",1.8,4.0,180,20,28,3131,95,159,24.0
22,Audi,TT 1.8 Quattro 2dr (convertible),Sports,Europe,All,"$37,390","$33,891",1.8,4.0,225,20,28,2921,96,159,24.0
23,Audi,TT 3.2 coupe 2dr (convertible),Sports,Europe,All,"$40,590","$36,739",3.2,6.0,250,21,29,3351,96,159,25.0
24,Audi,A6 3.0 Avant Quattro,Wagon,Europe,All,"$40,840","$37,060",3.0,6.0,220,18,25,4035,109,192,21.5
25,Audi,S4 Avant Quattro,Wagon,Europe,All,"$49,090","$44,446",4.2,8.0,340,15,21,3936,104,179,18.0
26,BMW,X3 3.0i,SUV,Europe,All,"$37,000","$33,873",3.0,6.0,225,16,23,4023,110,180,19.5
27,BMW,X5 4.4i,SUV,Europe,All,"$52,195","$47,720",4.4,8.0,325,16,22,4824,111,184,19.0
28,BMW,325i 4dr,Sedan,Europe,Rear,"$28,495","$26,155",2.5,6.0,184,20,29,3219,107,176,24.5
29,BMW,325Ci 2dr,Sedan,Europe,Rear,"$30,795","$28,245",2.5,6.0,184,20,29,3197,107,177,24.5
30,BMW,325Ci convertible 2dr,Sedan,Europe,Rear,"$37,995","$34,800",2.5,6.0,184,19,27,3560,107,177,23.0
31,BMW,325xi 4dr,Sedan,Europe,All,"$30,245","$27,745",2.5,6.0,184,19,27,3461,107,176,23.0
32,BMW,330i 4dr,Sedan,Europe,Rear,"$35,495","$32,525",3.0,6.0,225,20,30,3285,107,176,25.0
33,BMW,330Ci 2dr,Sedan,Europe,Rear,"$36,995","$33,890",3.0,6.0,225,20,30,3285,107,176,25.0
34,BMW,330xi 4dr,Sedan,Europe,All,"$37,245","$34,115",3.0,6.0,225,20,29,3483,107,176,24.5
35,BMW,525i 4dr,Sedan,Europe,Rear,"$39,995","$36,620",2.5,6.0,184,19,28,3428,114,191,23.5
36,BMW,330Ci convertible 2dr,Sedan,Europe,Rear,"$44,295","$40,530",3.0,6.0,225,19,28,3616,107,177,23.5
37,BMW,530i 4dr,Sedan,Europe,Rear,"$44,995","$41,170",3.0,6.0,225,20,30,3472,114,191,25.0
38,BMW,545iA 4dr,Sedan,Europe,Rear,"$54,995","$50,270",4.4,8.0,325,18,26,3814,114,191,22.0
39,BMW,745i 4dr,Sedan,Europe,Rear,"$69,195","$63,190",4.4,8.0,325,18,26,4376,118,198,22.0
40,BMW,745Li 4dr,Sedan,Europe,Rear,"$73,195","$66,830",4.4,8.0,325,18,26,4464,123,204,22.0
41,BMW,M3 coupe 2dr,Sports,Europe,Rear,"$48,195","$44,170",3.2,6.0,333,16,24,3415,108,177,20.0
42,BMW,M3 convertible 2dr,Sports,Europe,Rear,"$56,595","$51,815",3.2,6.0,333,16,23,3781,108,177,19.5
43,BMW,Z4 convertible 2.5i 2dr,Sports,Europe,Rear,"$33,895","$31,065",2.5,6.0,184,20,28,2932,98,161,24.0
44,BMW,Z4 convertible 3.0i 2dr,Sports,Europe,Rear,"$41,045","$37,575",3.0,6.0,225,21,29,2998,98,161,25.0
45,BMW,325xi Sport,Wagon,Europe,All,"$32,845","$30,110",2.5,6.0,184,19,26,3594,107,176,22.5
46,Buick,Rainier,SUV,USA,All,"$37,895","$34,357",4.2,6.0,275,15,21,4600,113,193,18.0
47,Buick,Rendezvous CX,SUV,USA,Front,"$26,545","$24,085",3.4,6.0,185,19,26,4024,112,187,22.5
48,Buick,Century Custom 4dr,Sedan,USA,Front,"$22,180","$20,351",3.1,6.0,175,20,30,3353,109,195,25.0
49,Buick,LeSabre Custom 4dr,Sedan,USA,Front,"$26,470","$24,282",3.8,6.0,205,20,29,3567,112,200,24.5
50,Buick,Regal LS 4dr,Sedan,USA,Front,"$24,895","$22,835",3.8,6.0,200,20,30,3461,109,196,25.0
51,Buick,Regal GS 4dr,Sedan,USA,Front,"$28,345","$26,047",3.8,6.0,240,18,28,3536,109,196,23.0
52,Buick,LeSabre Limited 4dr,Sedan,USA,Front,"$32,245","$29,566",3.8,6.0,205,20,29,3591,112,200,24.5
53,Buick,Park Avenue 4dr,Sedan,USA,Front,"$35,545","$32,244",3.8,6.0,205,20,29,3778,114,207,24.5
54,Buick,Park Avenue Ultra 4dr,Sedan,USA,Front,"$40,720","$36,927",3.8,6.0,240,18,28,3909,114,207,23.0
55,Cadillac,Escalade,SUV,USA,Front,"$52,795","$48,377",5.3,8.0,295,14,18,5367,116,199,16.0
56,Cadillac,SRX V8,SUV,USA,Front,"$46,995","$43,523",4.6,8.0,320,16,21,4302,116,195,18.5
57,Cadillac,CTS VVT 4dr,Sedan,USA,Rear,"$30,835","$28,575",3.6,6.0,255,18,25,3694,113,190,21.5
58,Cadillac,Deville 4dr,Sedan,USA,Front,"$45,445","$41,650",4.6,8.0,275,18,26,3984,115,207,22.0
59,Cadillac,Deville DTS 4dr,Sedan,USA,Front,"$50,595","$46,362",4.6,8.0,300,18,26,4044,115,207,22.0
60,Cadillac,Seville SLS 4dr,Sedan,USA,Front,"$47,955","$43,841",4.6,8.0,275,18,26,3992,112,201,22.0
61,Cadillac,XLR convertible 2dr,Sports,USA,Rear,"$76,200","$70,546",4.6,8.0,320,17,25,3647,106,178,21.0
62,Cadillac,Escalade EXT,Truck,USA,All,"$52,975","$48,541",6.0,8.0,345,13,17,5879,130,221,15.0
63,Chevrolet,Suburban 1500 LT,SUV,USA,Front,"$42,735","$37,422",5.3,8.0,295,14,18,4947,130,219,16.0
64,Chevrolet,Tahoe LT,SUV,USA,All,"$41,465","$36,287",5.3,8.0,295,14,18,5050,116,197,16.0
65,Chevrolet,TrailBlazer LT,SUV,USA,Front,"$30,295","$27,479",4.2,6.0,275,16,21,4425,113,192,18.5
66,Chevrolet,Tracker,SUV,USA,Front,"$20,255","$19,108",2.5,6.0,165,19,22,2866,98,163,20.5
67,Chevrolet,Aveo 4dr,Sedan,USA,Front,"$11,690","$10,965",1.6,4.0,103,28,34,2370,98,167,31.0
68,Chevrolet,Aveo LS 4dr hatch,Sedan,USA,Front,"$12,585","$11,802",1.6,4.0,103,28,34,2348,98,153,31.0
69,Chevrolet,Cavalier 2dr,Sedan,USA,Front,"$14,610","$13,697",2.2,4.0,140,26,37,2617,104,183,31.5
70,Chevrolet,Cavalier 4dr,Sedan,USA,Front,"$14,810","$13,884",2.2,4.0,140,26,37,2676,104,183,31.5
71,Chevrolet,Cavalier LS 2dr,Sedan,USA,Front,"$16,385","$15,357",2.2,4.0,140,26,37,2617,104,183,31.5
72,Chevrolet,Impala 4dr,Sedan,USA,Front,"$21,900","$20,095",3.4,6.0,180,21,32,3465,111,200,26.5
73,Chevrolet,Malibu 4dr,Sedan,USA,Front,"$18,995","$17,434",2.2,4.0,145,24,34,3174,106,188,29.0
74,Chevrolet,Malibu LS 4dr,Sedan,USA,Front,"$20,370","$18,639",3.5,6.0,200,22,30,3297,106,188,26.0
75,Chevrolet,Monte Carlo LS 2dr,Sedan,USA,Front,"$21,825","$20,026",3.4,6.0,180,21,32,3340,111,198,26.5
76,Chevrolet,Impala LS 4dr,Sedan,USA,Front,"$25,000","$22,931",3.8,6.0,200,20,30,3476,111,200,25.0
77,Chevrolet,Impala SS 4dr,Sedan,USA,Front,"$27,995","$25,672",3.8,6.0,240,18,28,3606,111,200,23.0
78,Chevrolet,Malibu LT 4dr,Sedan,USA,Front,"$23,495","$21,551",3.5,6.0,200,23,32,3315,106,188,27.5
79,Chevrolet,Monte Carlo SS 2dr,Sedan,USA,Front,"$24,225","$22,222",3.8,6.0,200,18,28,3434,111,198,23.0
80,Chevrolet,Astro,Sedan,USA,All,"$26,395","$23,954",4.3,6.0,190,14,17,4605,111,190,15.5
81,Chevrolet,Venture LS,Sedan,USA,Front,"$27,020","$24,518",3.4,6.0,185,19,26,3699,112,187,22.5
82,Chevrolet,Corvette 2dr,Sports,USA,Rear,"$44,535","$39,068",5.7,8.0,350,18,25,3246,105,180,21.5
83,Chevrolet,Corvette convertible 2dr,Sports,USA,Rear,"$51,535","$45,193",5.7,8.0,350,18,25,3248,105,180,21.5
84,Chevrolet,Avalanche 1500,Truck,USA,All,"$36,100","$31,689",5.3,8.0,295,14,18,5678,130,222,16.0
85,Chevrolet,Colorado Z85,Truck,USA,All,"$18,760","$17,070",2.8,4.0,175,18,23,3623,111,192,20.5
86,Chevrolet,Silverado 1500 Regular Cab,Truck,USA,Rear,"$20,310","$18,480",4.3,6.0,200,15,21,4142,119,206,18.0
87,Chevrolet,Silverado SS,Truck,USA,All,"$40,340","$35,399",6.0,8.0,300,13,17,4804,144,238,15.0
88,Chevrolet,SSR,Truck,USA,Rear,"$41,995","$39,306",5.3,8.0,300,16,19,4760,116,191,17.5
89,Chevrolet,Malibu Maxx LS,Wagon,USA,Front,"$22,225","$20,394",3.5,6.0,200,22,30,3458,112,188,26.0
90,Chrysler,PT Cruiser 4dr,Sedan,USA,Front,"$17,985","$16,919",2.4,4.0,150,22,29,3101,103,169,25.5
91,Chrysler,PT Cruiser Limited 4dr,Sedan,USA,Front,"$22,000","$20,573",2.4,4.0,150,22,29,3105,103,169,25.5
92,Chrysler,Sebring 4dr,Sedan,USA,Front,"$19,090","$17,805",2.4,4.0,150,22,30,3173,108,191,26.0
93,Chrysler,Sebring Touring 4dr,Sedan,USA,Front,"$21,840","$20,284",2.7,6.0,200,21,28,3222,108,191,24.5
94,Chrysler,300M 4dr,Sedan,USA,Front,"$29,865","$27,797",3.5,6.0,250,18,27,3581,113,198,22.5
95,Chrysler,Concorde LX 4dr,Sedan,USA,Front,"$24,130","$22,452",2.7,6.0,200,21,29,3479,113,208,25.0
96,Chrysler,Concorde LXi 4dr,Sedan,USA,Front,"$26,860","$24,909",3.5,6.0,232,19,27,3548,113,208,23.0
97,Chrysler,PT Cruiser GT 4dr,Sedan,USA,Front,"$25,955","$24,172",2.4,4.0,220,21,27,3217,103,169,24.0
98,Chrysler,Sebring convertible 2dr,Sedan,USA,Front,"$25,215","$23,451",2.4,4.0,150,22,30,3357,106,194,26.0
99,Chrysler,300M Special Edition 4dr,Sedan,USA,Front,"$33,295","$30,884",3.5,6.0,255,18,27,3650,113,198,22.5
100,Chrysler,Sebring Limited convertible 2dr,Sedan,USA,Front,"$30,950","$28,613",2.7,6.0,200,21,28,3448,106,194,24.5
101,Chrysler,Town and Country LX,Sedan,USA,Front,"$27,490","$25,371",3.3,6.0,180,19,26,4068,119,201,22.5
102,Chrysler,Town and Country Limited,Sedan,USA,Front,"$38,380","$35,063",3.8,6.0,215,18,25,4331,119,201,21.5
103,Chrysler,Crossfire 2dr,Sports,USA,Rear,"$34,495","$32,033",3.2,6.0,215,17,25,3060,95,160,21.0
104,Chrysler,Pacifica,Wagon,USA,Rear,"$31,230","$28,725",3.5,6.0,250,17,23,4675,116,199,20.0
105,Dodge,Durango SLT,SUV,USA,All,"$32,235","$29,472",4.7,8.0,230,15,21,4987,119,201,18.0
106,Dodge,Neon SE 4dr,Sedan,USA,Front,"$13,670","$12,849",2.0,4.0,132,29,36,2581,105,174,32.5
107,Dodge,Neon SXT 4dr,Sedan,USA,Front,"$15,040","$14,086",2.0,4.0,132,29,36,2626,105,174,32.5
108,Dodge,Intrepid SE 4dr,Sedan,USA,Front,"$22,035","$20,502",2.7,6.0,200,21,29,3469,113,204,25.0
109,Dodge,Stratus SXT 4dr,Sedan,USA,Front,"$18,820","$17,512",2.4,4.0,150,21,28,3182,108,191,24.5
110,Dodge,Stratus SE 4dr,Sedan,USA,Front,"$20,220","$18,821",2.4,4.0,150,21,28,3175,108,191,24.5
111,Dodge,Intrepid ES 4dr,Sedan,USA,Front,"$24,885","$23,058",3.5,6.0,232,18,27,3487,113,204,22.5
112,Dodge,Caravan SE,Sedan,USA,Front,"$21,795","$20,508",2.4,4.0,150,20,26,3862,113,189,23.0
113,Dodge,Grand Caravan SXT,Sedan,USA,All,"$32,660","$29,812",3.8,6.0,215,18,25,4440,119,201,21.5
114,Dodge,Viper SRT-10 convertible 2dr,Sports,USA,Rear,"$81,795","$74,451",8.3,10.0,500,12,20,3410,99,176,16.0
115,Dodge,Dakota Regular Cab,Truck,USA,Rear,"$17,630","$16,264",3.7,6.0,210,16,22,3714,112,193,19.0
116,Dodge,Dakota Club Cab,Truck,USA,Rear,"$20,300","$18,670",3.7,6.0,210,16,22,3829,131,219,19.0
117,Dodge,Ram 1500 Regular Cab ST,Truck,USA,Rear,"$20,215","$18,076",3.7,6.0,215,16,21,4542,121,208,18.5
118,Ford,Excursion 6.8 XLT,SUV,USA,All,"$41,475","$36,494",6.8,10.0,310,10,13,7190,137,227,11.5
119,Ford,Expedition 4.6 XLT,SUV,USA,Front,"$34,560","$30,468",4.6,8.0,232,15,19,5000,119,206,17.0
120,Ford,Explorer XLT V6,SUV,USA,All,"$29,670","$26,983",4.0,6.0,210,15,20,4463,114,190,17.5
121,Ford,Escape XLS,SUV,USA,All,"$22,515","$20,907",3.0,6.0,201,18,23,3346,103,173,20.5
122,Ford,Focus ZX3 2dr hatch,Sedan,USA,Front,"$13,270","$12,482",2.0,4.0,130,26,33,2612,103,168,29.5
123,Ford,Focus LX 4dr,Sedan,USA,Front,"$13,730","$12,906",2.0,4.0,110,27,36,2606,103,168,31.5
124,Ford,Focus SE 4dr,Sedan,USA,Front,"$15,460","$14,496",2.0,4.0,130,26,33,2606,103,168,29.5
125,Ford,Focus ZX5 5dr,Sedan,USA,Front,"$15,580","$14,607",2.0,4.0,130,26,33,2691,103,168,29.5
126,Ford,Focus SVT 2dr,Sedan,USA,Front,"$19,135","$17,878",2.0,4.0,170,21,28,2750,103,168,24.5
127,Ford,Taurus LX 4dr,Sedan,USA,Front,"$20,320","$18,881",3.0,6.0,155,20,27,3306,109,198,23.5
128,Ford,Taurus SES Duratec 4dr,Sedan,USA,Front,"$22,735","$20,857",3.0,6.0,201,19,26,3313,109,198,22.5
129,Ford,Crown Victoria 4dr,Sedan,USA,Rear,"$24,345","$22,856",4.6,8.0,224,17,25,4057,115,212,21.0
130,Ford,Crown Victoria LX 4dr,Sedan,USA,Rear,"$27,370","$25,105",4.6,8.0,224,17,25,4057,115,212,21.0
131,Ford,Crown Victoria LX Sport 4dr,Sedan,USA,Rear,"$30,315","$27,756",4.6,8.0,239,17,25,4057,115,212,21.0
132,Ford,Freestar SE,Sedan,USA,Front,"$26,930","$24,498",3.9,6.0,193,17,23,4275,121,201,20.0
133,Ford,Mustang 2dr (convertible),Sports,USA,Rear,"$18,345","$16,943",3.8,6.0,193,20,29,3290,101,183,24.5
134,Ford,Mustang GT Premium convertible 2dr,Sports,USA,Rear,"$29,380","$26,875",4.6,8.0,260,17,25,3347,101,183,21.0
135,Ford,Thunderbird Deluxe convert w/hardtop 2d,Sports,USA,Front,"$37,530","$34,483",3.9,8.0,280,17,24,3780,107,186,20.5
136,Ford,F-150 Regular Cab XL,Truck,USA,Rear,"$22,010","$19,490",4.6,8.0,231,15,19,4788,126,211,17.0
137,Ford,F-150 Supercab Lariat,Truck,USA,All,"$33,540","$29,405",5.4,8.0,300,14,18,5464,133,218,16.0
138,Ford,Ranger 2.3 XL Regular Cab,Truck,USA,Rear,"$14,385","$13,717",2.3,4.0,143,24,29,3028,111,188,26.5
139,Ford,Focus ZTW,Wagon,USA,Front,"$17,475","$16,375",2.0,4.0,130,26,33,2702,103,178,29.5
140,Ford,Taurus SE,Wagon,USA,Front,"$22,290","$20,457",3.0,6.0,155,19,26,3497,109,198,22.5
141,GMC,Envoy XUV SLE,SUV,USA,Front,"$31,890","$28,922",4.2,6.0,275,15,19,4945,129,208,17.0
142,GMC,Yukon 1500 SLE,SUV,USA,Front,"$35,725","$31,361",4.8,8.0,285,16,19,5042,116,199,17.5
143,GMC,Yukon XL 2500 SLT,SUV,USA,All,"$46,265","$40,534",6.0,8.0,325,13,17,6133,130,219,15.0
144,GMC,Safari SLE,Sedan,USA,Rear,"$25,640","$23,215",4.3,6.0,190,16,20,4309,111,190,18.0
145,GMC,Canyon Z85 SL Regular Cab,Truck,USA,Rear,"$16,530","$14,877",2.8,4.0,175,18,25,3351,111,192,21.5
146,GMC,Sierra Extended Cab 1500,Truck,USA,Rear,"$25,717","$22,604",4.8,8.0,285,17,20,4548,144,230,18.5
147,GMC,Sierra HD 2500,Truck,USA,All,"$29,322","$25,759",6.0,8.0,300,13,18,5440,133,222,15.5
148,GMC,Sonoma Crew Cab,Truck,USA,All,"$25,395","$23,043",4.3,6.0,190,15,19,4083,123,208,17.0
149,Honda,Civic Hybrid 4dr manual (gas/electric),Hybrid,Asia,Front,"$20,140","$18,451",1.4,4.0,93,46,51,2732,103,175,48.5
150,Honda,Insight 2dr (gas/electric),Hybrid,Asia,Front,"$19,110","$17,911",2.0,3.0,73,60,66,1850,95,155,63.0
151,Honda,Pilot LX,SUV,Asia,All,"$27,560","$24,843",3.5,6.0,240,17,22,4387,106,188,19.5
152,Honda,CR-V LX,SUV,Asia,All,"$19,860","$18,419",2.4,4.0,160,21,25,3258,103,179,23.0
153,Honda,Element LX,SUV,Asia,All,"$18,690","$17,334",2.4,4.0,160,21,24,3468,101,167,22.5
154,Honda,Civic DX 2dr,Sedan,Asia,Front,"$13,270","$12,175",1.7,4.0,115,32,38,2432,103,175,35.0
155,Honda,Civic HX 2dr,Sedan,Asia,Front,"$14,170","$12,996",1.7,4.0,117,36,44,2500,103,175,40.0
156,Honda,Civic LX 4dr,Sedan,Asia,Front,"$15,850","$14,531",1.7,4.0,115,32,38,2513,103,175,35.0
157,Honda,Accord LX 2dr,Sedan,Asia,Front,"$19,860","$17,924",2.4,4.0,160,26,34,2994,105,188,30.0
158,Honda,Accord EX 2dr,Sedan,Asia,Front,"$22,260","$20,080",2.4,4.0,160,26,34,3047,105,188,30.0
159,Honda,Civic EX 4dr,Sedan,Asia,Front,"$17,750","$16,265",1.7,4.0,127,32,37,2601,103,175,34.5
160,Honda,Civic Si 2dr hatch,Sedan,Asia,Front,"$19,490","$17,849",2.0,4.0,160,26,30,2782,101,166,28.0
161,Honda,Accord LX V6 4dr,Sedan,Asia,Front,"$23,760","$21,428",3.0,6.0,240,21,30,3349,108,190,25.5
162,Honda,Accord EX V6 2dr,Sedan,Asia,Front,"$26,960","$24,304",3.0,6.0,240,21,30,3294,105,188,25.5
163,Honda,Odyssey LX,Sedan,Asia,Front,"$24,950","$22,498",3.5,6.0,240,18,25,4310,118,201,21.5
164,Honda,Odyssey EX,Sedan,Asia,Front,"$27,450","$24,744",3.5,6.0,240,18,25,4365,118,201,21.5
165,Honda,S2000 convertible 2dr,Sports,Asia,Rear,"$33,260","$29,965",2.2,4.0,240,20,25,2835,95,162,22.5
166,Hummer,H2,SUV,USA,All,"$49,995","$45,815",6.0,8.0,316,10,12,6400,123,190,11.0
167,Hyundai,Santa Fe GLS,SUV,Asia,Front,"$21,589","$20,201",2.7,6.0,173,20,26,3549,103,177,23.0
168,Hyundai,Accent 2dr hatch,Sedan,Asia,Front,"$10,539","$10,107",1.6,4.0,103,29,33,2255,96,167,31.0
169,Hyundai,Accent GL 4dr,Sedan,Asia,Front,"$11,839","$11,116",1.6,4.0,103,29,33,2290,96,167,31.0
170,Hyundai,Accent GT 2dr hatch,Sedan,Asia,Front,"$11,939","$11,209",1.6,4.0,103,29,33,2339,96,167,31.0
171,Hyundai,Elantra GLS 4dr,Sedan,Asia,Front,"$13,839","$12,781",2.0,4.0,138,26,34,2635,103,178,30.0
172,Hyundai,Elantra GT 4dr,Sedan,Asia,Front,"$15,389","$14,207",2.0,4.0,138,26,34,2635,103,178,30.0
173,Hyundai,Elantra GT 4dr hatch,Sedan,Asia,Front,"$15,389","$14,207",2.0,4.0,138,26,34,2698,103,178,30.0
174,Hyundai,Sonata GLS 4dr,Sedan,Asia,Front,"$19,339","$17,574",2.7,6.0,170,19,27,3217,106,187,23.0
175,Hyundai,Sonata LX 4dr,Sedan,Asia,Front,"$20,339","$18,380",2.7,6.0,170,19,27,3217,106,187,23.0
176,Hyundai,XG350 4dr,Sedan,Asia,Front,"$24,589","$22,055",3.5,6.0,194,17,26,3651,108,192,21.5
177,Hyundai,XG350 L 4dr,Sedan,Asia,Front,"$26,189","$23,486",3.5,6.0,194,17,26,3651,108,192,21.5
178,Hyundai,Tiburon GT V6 2dr,Sports,Asia,Front,"$18,739","$17,101",2.7,6.0,172,19,26,3023,100,173,22.5
179,Infiniti,G35 4dr,Sedan,Asia,Rear,"$28,495","$26,157",3.5,6.0,260,18,26,3336,112,187,22.0
180,Infiniti,G35 Sport Coupe 2dr,Sedan,Asia,Rear,"$29,795","$27,536",3.5,6.0,280,18,26,3416,112,182,22.0
181,Infiniti,G35 4dr,Sedan,Asia,All,"$32,445","$29,783",3.5,6.0,260,18,26,3677,112,187,22.0
182,Infiniti,I35 4dr,Sedan,Asia,Front,"$31,145","$28,320",3.5,6.0,255,19,26,3306,108,194,22.5
183,Infiniti,M45 4dr,Sedan,Asia,Rear,"$42,845","$38,792",4.5,8.0,340,17,23,3851,110,197,20.0
184,Infiniti,Q45 Luxury 4dr,Sedan,Asia,Rear,"$52,545","$47,575",4.5,8.0,340,17,23,3977,113,200,20.0
185,Infiniti,FX35,Wagon,Asia,Rear,"$34,895","$31,756",3.5,6.0,280,16,22,4056,112,189,19.0
186,Infiniti,FX45,Wagon,Asia,All,"$36,395","$33,121",4.5,8.0,315,15,19,4309,112,189,17.0
187,Isuzu,Ascender S,SUV,Asia,All,"$31,849","$29,977",4.2,6.0,275,15,20,4967,129,208,17.5
188,Isuzu,Rodeo S,SUV,Asia,Front,"$20,449","$19,261",3.2,6.0,193,17,21,3836,106,178,19.0
189,Jaguar,X-Type 2.5 4dr,Sedan,Europe,All,"$29,995","$27,355",2.5,6.0,192,18,26,3428,107,184,22.0
190,Jaguar,X-Type 3.0 4dr,Sedan,Europe,All,"$33,995","$30,995",3.0,6.0,227,18,25,3516,107,184,21.5
191,Jaguar,S-Type 3.0 4dr,Sedan,Europe,Rear,"$43,895","$40,004",3.0,6.0,235,18,26,3777,115,192,22.0
192,Jaguar,S-Type 4.2 4dr,Sedan,Europe,Rear,"$49,995","$45,556",4.2,8.0,294,18,28,3874,115,192,23.0
193,Jaguar,S-Type R 4dr,Sedan,Europe,Rear,"$63,120","$57,499",4.2,8.0,390,17,24,4046,115,192,20.5
194,Jaguar,Vanden Plas 4dr,Sedan,Europe,Rear,"$68,995","$62,846",4.2,8.0,294,18,28,3803,119,200,23.0
195,Jaguar,XJ8 4dr,Sedan,Europe,Rear,"$59,995","$54,656",4.2,8.0,294,18,28,3803,119,200,23.0
196,Jaguar,XJR 4dr,Sedan,Europe,Rear,"$74,995","$68,306",4.2,8.0,390,17,24,3948,119,200,20.5
197,Jaguar,XK8 coupe 2dr,Sports,Europe,Rear,"$69,995","$63,756",4.2,8.0,294,18,26,3779,102,187,22.0
198,Jaguar,XK8 convertible 2dr,Sports,Europe,Rear,"$74,995","$68,306",4.2,8.0,294,18,26,3980,102,187,22.0
199,Jaguar,XKR coupe 2dr,Sports,Europe,Rear,"$81,995","$74,676",4.2,8.0,390,16,23,3865,102,187,19.5
200,Jaguar,XKR convertible 2dr,Sports,Europe,Rear,"$86,995","$79,226",4.2,8.0,390,16,23,4042,102,187,19.5
201,Jeep,Grand Cherokee Laredo,SUV,USA,Front,"$27,905","$25,686",4.0,6.0,195,16,21,3790,106,181,18.5
202,Jeep,Liberty Sport,SUV,USA,All,"$20,130","$18,973",2.4,4.0,150,20,24,3826,104,174,22.0
203,Jeep,Wrangler Sahara convertible 2dr,SUV,USA,All,"$25,520","$23,275",4.0,6.0,190,16,19,3575,93,150,17.5
204,Kia,Sorento LX,SUV,Asia,Front,"$19,635","$18,630",3.5,6.0,192,16,19,4112,107,180,17.5
205,Kia,Optima LX 4dr,Sedan,Asia,Front,"$16,040","$14,910",2.4,4.0,138,23,30,3281,106,186,26.5
206,Kia,Rio 4dr manual,Sedan,Asia,Front,"$10,280","$9,875",1.6,4.0,104,26,33,2403,95,167,29.5
207,Kia,Rio 4dr auto,Sedan,Asia,Front,"$11,155","$10,705",1.6,4.0,104,25,32,2458,95,167,28.5
208,Kia,Spectra 4dr,Sedan,Asia,Front,"$12,360","$11,630",1.8,4.0,124,24,32,2661,101,178,28.0
209,Kia,Spectra GS 4dr hatch,Sedan,Asia,Front,"$13,580","$12,830",1.8,4.0,124,24,32,2686,101,178,28.0
210,Kia,Spectra GSX 4dr hatch,Sedan,Asia,Front,"$14,630","$13,790",1.8,4.0,124,24,32,2697,101,178,28.0
211,Kia,Optima LX V6 4dr,Sedan,Asia,Front,"$18,435","$16,850",2.7,6.0,170,20,27,3279,106,186,23.5
212,Kia,Amanti 4dr,Sedan,Asia,Front,"$26,000","$23,764",3.5,6.0,195,17,25,4021,110,196,21.0
213,Kia,Sedona LX,Sedan,Asia,Front,"$20,615","$19,400",3.5,6.0,195,16,22,4802,115,194,19.0
214,Kia,Rio Cinco,Wagon,Asia,Front,"$11,905","$11,410",1.6,4.0,104,26,33,2447,95,167,29.5
215,Land Rover,Range Rover HSE,SUV,Europe,All,"$72,250","$65,807",4.4,8.0,282,12,16,5379,113,195,14.0
216,Land Rover,Discovery SE,SUV,Europe,All,"$39,250","$35,777",4.6,8.0,217,12,16,4576,100,185,14.0
217,Land Rover,Freelander SE,SUV,Europe,All,"$25,995","$23,969",2.5,6.0,174,18,21,3577,101,175,19.5
218,Lexus,GX 470,SUV,Asia,All,"$45,700","$39,838",4.7,8.0,235,15,19,4740,110,188,17.0
219,Lexus,LX 470,SUV,Asia,All,"$64,800","$56,455",4.7,8.0,235,13,17,5590,112,193,15.0
220,Lexus,RX 330,SUV,Asia,All,"$39,195","$34,576",3.3,6.0,230,18,24,4065,107,186,21.0
221,Lexus,ES 330 4dr,Sedan,Asia,Front,"$32,350","$28,755",3.3,6.0,225,20,29,3460,107,191,24.5
222,Lexus,IS 300 4dr manual,Sedan,Asia,Rear,"$31,045","$27,404",3.0,6.0,215,18,25,3255,105,177,21.5
223,Lexus,IS 300 4dr auto,Sedan,Asia,Rear,"$32,415","$28,611",3.0,6.0,215,18,24,3285,105,177,21.0
224,Lexus,GS 300 4dr,Sedan,Asia,Rear,"$41,010","$36,196",3.0,6.0,220,18,25,3649,110,189,21.5
225,Lexus,GS 430 4dr,Sedan,Asia,Rear,"$48,450","$42,232",4.3,8.0,300,18,23,3715,110,189,20.5
226,Lexus,LS 430 4dr,Sedan,Asia,Rear,"$55,750","$48,583",4.3,8.0,290,18,25,3990,115,197,21.5
227,Lexus,SC 430 convertible 2dr,Sports,Asia,Rear,"$63,200","$55,063",4.3,8.0,300,18,23,3840,103,178,20.5
228,Lexus,IS 300 SportCross,Wagon,Asia,Rear,"$32,455","$28,647",3.0,6.0,215,18,24,3410,105,177,21.0
229,Lincoln,Navigator Luxury,SUV,USA,All,"$52,775","$46,360",5.4,8.0,300,13,18,5969,119,206,15.5
230,Lincoln,Aviator Ultimate,SUV,USA,Front,"$42,915","$39,443",4.6,8.0,302,13,18,4834,114,193,15.5
231,Lincoln,LS V6 Luxury 4dr,Sedan,USA,Rear,"$32,495","$29,969",3.0,6.0,232,20,26,3681,115,194,23.0
232,Lincoln,LS V6 Premium 4dr,Sedan,USA,Rear,"$36,895","$33,929",3.0,6.0,232,20,26,3681,115,194,23.0
233,Lincoln,LS V8 Sport 4dr,Sedan,USA,Rear,"$40,095","$36,809",3.9,8.0,280,17,24,3768,115,194,20.5
234,Lincoln,LS V8 Ultimate 4dr,Sedan,USA,Rear,"$43,495","$39,869",3.9,8.0,280,17,24,3768,115,194,20.5
235,Lincoln,Town Car Signature 4dr,Sedan,USA,Rear,"$41,815","$38,418",4.6,8.0,239,17,25,4369,118,215,21.0
236,Lincoln,Town Car Ultimate 4dr,Sedan,USA,Rear,"$44,925","$41,217",4.6,8.0,239,17,25,4369,118,215,21.0
237,Lincoln,Town Car Ultimate L 4dr,Sedan,USA,Rear,"$50,470","$46,208",4.6,8.0,239,17,25,4474,124,221,21.0
238,MINI,Cooper,Sedan,Europe,Front,"$16,999","$15,437",1.6,4.0,115,28,37,2524,97,143,32.5
239,MINI,Cooper S,Sedan,Europe,Front,"$19,999","$18,137",1.6,4.0,163,25,34,2678,97,144,29.5
240,Mazda,Tribute DX 2.0,SUV,Asia,All,"$21,087","$19,742",2.0,4.0,130,22,25,3091,103,173,23.5
241,Mazda,Mazda3 i 4dr,Sedan,Asia,Front,"$15,500","$14,525",2.0,4.0,148,26,34,2696,104,178,30.0
242,Mazda,Mazda3 s 4dr,Sedan,Asia,Front,"$17,200","$15,922",2.3,4.0,160,25,31,2762,104,179,28.0
243,Mazda,Mazda6 i 4dr,Sedan,Asia,Front,"$19,270","$17,817",2.3,4.0,160,24,32,3042,105,187,28.0
244,Mazda,MPV ES,Sedan,Asia,Front,"$28,750","$26,600",3.0,6.0,200,18,25,3812,112,188,21.5
245,Mazda,MX-5 Miata convertible 2dr,Sports,Asia,Rear,"$22,388","$20,701",1.8,4.0,142,23,28,2387,89,156,25.5
246,Mazda,MX-5 Miata LS convertible 2dr,Sports,Asia,Rear,"$25,193","$23,285",1.8,4.0,142,23,28,2387,89,156,25.5
247,Mazda,RX-8 4dr automatic,Sports,Asia,Rear,"$25,700","$23,794",1.3,,197,18,25,3053,106,174,21.5
248,Mazda,RX-8 4dr manual,Sports,Asia,Rear,"$27,200","$25,179",1.3,,238,18,24,3029,106,174,21.0
249,Mazda,B2300 SX Regular Cab,Truck,Asia,Rear,"$14,840","$14,070",2.3,4.0,143,24,29,2960,112,188,26.5
250,Mazda,B4000 SE Cab Plus,Truck,Asia,All,"$22,350","$20,482",4.0,6.0,207,15,19,3571,126,203,17.0
251,Mercedes-Benz,G500,SUV,Europe,All,"$76,870","$71,540",5.0,8.0,292,13,14,5423,112,186,13.5
252,Mercedes-Benz,ML500,SUV,Europe,All,"$46,470","$43,268",5.0,8.0,288,14,17,4874,111,183,15.5
253,Mercedes-Benz,C230 Sport 2dr,Sedan,Europe,Rear,"$26,060","$24,249",1.8,4.0,189,22,30,3250,107,178,26.0
254,Mercedes-Benz,C320 Sport 2dr,Sedan,Europe,Rear,"$28,370","$26,435",3.2,6.0,215,19,26,3430,107,178,22.5
255,Mercedes-Benz,C240 4dr,Sedan,Europe,Rear,"$32,280","$30,071",2.6,6.0,168,20,25,3360,107,178,22.5
256,Mercedes-Benz,C240 4dr,Sedan,Europe,All,"$33,480","$31,187",2.6,6.0,168,19,25,3360,107,178,22.0
257,Mercedes-Benz,C320 Sport 4dr,Sedan,Europe,Rear,"$35,920","$33,456",3.2,6.0,215,19,26,3430,107,178,22.5
258,Mercedes-Benz,C320 4dr,Sedan,Europe,Rear,"$37,630","$35,046",3.2,6.0,215,20,26,3450,107,178,23.0
259,Mercedes-Benz,C320 4dr,Sedan,Europe,All,"$38,830","$36,162",3.2,6.0,215,19,27,3450,107,178,23.0
260,Mercedes-Benz,C32 AMG 4dr,Sedan,Europe,Rear,"$52,120","$48,522",3.2,6.0,349,16,21,3540,107,178,18.5
261,Mercedes-Benz,CL500 2dr,Sedan,Europe,Rear,"$94,820","$88,324",5.0,8.0,302,16,24,4085,114,196,20.0
262,Mercedes-Benz,CL600 2dr,Sedan,Europe,Rear,"$128,420","$119,600",5.5,12.0,493,13,19,4473,114,196,16.0
263,Mercedes-Benz,CLK320 coupe 2dr (convertible),Sedan,Europe,Rear,"$45,707","$41,966",3.2,6.0,215,20,26,3770,107,183,23.0
264,Mercedes-Benz,CLK500 coupe 2dr (convertible),Sedan,Europe,Rear,"$52,800","$49,104",5.0,8.0,302,17,22,3585,107,183,19.5
265,Mercedes-Benz,E320 4dr,Sedan,Europe,Rear,"$48,170","$44,849",3.2,6.0,221,19,27,3635,112,190,23.0
266,Mercedes-Benz,E500 4dr,Sedan,Europe,Rear,"$57,270","$53,382",5.0,8.0,302,16,20,3815,112,190,18.0
267,Mercedes-Benz,S430 4dr,Sedan,Europe,Rear,"$74,320","$69,168",4.3,8.0,275,18,26,4160,122,203,22.0
268,Mercedes-Benz,S500 4dr,Sedan,Europe,All,"$86,970","$80,939",5.0,8.0,302,16,24,4390,122,203,20.0
269,Mercedes-Benz,SL500 convertible 2dr,Sports,Europe,Rear,"$90,520","$84,325",5.0,8.0,302,16,23,4065,101,179,19.5
270,Mercedes-Benz,SL55 AMG 2dr,Sports,Europe,Rear,"$121,770","$113,388",5.5,8.0,493,14,21,4235,101,179,17.5
271,Mercedes-Benz,SL600 convertible 2dr,Sports,Europe,Rear,"$126,670","$117,854",5.5,12.0,493,13,19,4429,101,179,16.0
272,Mercedes-Benz,SLK230 convertible 2dr,Sports,Europe,Rear,"$40,320","$37,548",2.3,4.0,192,21,29,3055,95,158,25.0
273,Mercedes-Benz,SLK32 AMG 2dr,Sports,Europe,Rear,"$56,170","$52,289",3.2,6.0,349,17,22,3220,95,158,19.5
274,Mercedes-Benz,C240,Wagon,Europe,Rear,"$33,780","$31,466",2.6,6.0,168,19,25,3470,107,179,22.0
275,Mercedes-Benz,E320,Wagon,Europe,Rear,"$50,670","$47,174",3.2,6.0,221,19,27,3966,112,190,23.0
276,Mercedes-Benz,E500,Wagon,Europe,All,"$60,670","$56,474",5.0,8.0,302,16,24,4230,112,190,20.0
277,Mercury,Mountaineer,SUV,USA,Front,"$29,995","$27,317",4.0,6.0,210,16,21,4374,114,190,18.5
278,Mercury,Sable GS 4dr,Sedan,USA,Front,"$21,595","$19,848",3.0,6.0,155,20,27,3308,109,200,23.5
279,Mercury,Grand Marquis GS 4dr,Sedan,USA,Rear,"$24,695","$23,217",4.6,8.0,224,17,25,4052,115,212,21.0
280,Mercury,Grand Marquis LS Premium 4dr,Sedan,USA,Rear,"$29,595","$27,148",4.6,8.0,224,17,25,4052,115,212,21.0
281,Mercury,Sable LS Premium 4dr,Sedan,USA,Front,"$23,895","$21,918",3.0,6.0,201,19,26,3315,109,200,22.5
282,Mercury,Grand Marquis LS Ultimate 4dr,Sedan,USA,Rear,"$30,895","$28,318",4.6,8.0,224,17,25,4052,115,212,21.0
283,Mercury,Marauder 4dr,Sedan,USA,Rear,"$34,495","$31,558",4.6,8.0,302,17,23,4195,115,212,20.0
284,Mercury,Monterey Luxury,Sedan,USA,Front,"$33,995","$30,846",4.2,6.0,201,16,23,4340,121,202,19.5
285,Mercury,Sable GS,Wagon,USA,Front,"$22,595","$20,748",3.0,6.0,155,19,26,3488,109,198,22.5
286,Mitsubishi,Endeavor XLS,SUV,Asia,All,"$30,492","$28,330",3.8,6.0,215,17,21,4134,109,190,19.0
287,Mitsubishi,Montero XLS,SUV,Asia,All,"$33,112","$30,763",3.8,6.0,215,15,19,4718,110,190,17.0
288,Mitsubishi,Outlander LS,SUV,Asia,Front,"$18,892","$17,569",2.4,4.0,160,21,27,3240,103,179,24.0
289,Mitsubishi,Lancer ES 4dr,Sedan,Asia,Front,"$14,622","$13,751",2.0,4.0,120,25,31,2656,102,181,28.0
290,Mitsubishi,Lancer LS 4dr,Sedan,Asia,Front,"$16,722","$15,718",2.0,4.0,120,25,31,2795,102,181,28.0
291,Mitsubishi,Galant ES 2.4L 4dr,Sedan,Asia,Front,"$19,312","$17,957",2.4,4.0,160,23,30,3351,108,191,26.5
292,Mitsubishi,Lancer OZ Rally 4dr auto,Sedan,Asia,Front,"$17,232","$16,196",2.0,4.0,120,25,31,2744,102,181,28.0
293,Mitsubishi,Diamante LS 4dr,Sedan,Asia,Front,"$29,282","$27,250",3.5,6.0,205,18,25,3549,107,194,21.5
294,Mitsubishi,Galant GTS 4dr,Sedan,Asia,Front,"$25,700","$23,883",3.8,6.0,230,18,26,3649,108,191,22.0
295,Mitsubishi,Eclipse GTS 2dr,Sports,Asia,Front,"$25,092","$23,456",3.0,6.0,210,21,28,3241,101,177,24.5
296,Mitsubishi,Eclipse Spyder GT convertible 2dr,Sports,Asia,Front,"$26,992","$25,218",3.0,6.0,210,21,28,3296,101,177,24.5
297,Mitsubishi,Lancer Evolution 4dr,Sports,Asia,Front,"$29,562","$27,466",2.0,4.0,271,18,26,3263,103,179,22.0
298,Mitsubishi,Lancer Sportback LS,Wagon,Asia,Front,"$17,495","$16,295",2.4,4.0,160,25,31,3020,102,181,28.0
299,Nissan,Pathfinder Armada SE,SUV,Asia,Front,"$33,840","$30,815",5.6,8.0,305,13,19,5013,123,207,16.0
300,Nissan,Pathfinder SE,SUV,Asia,Front,"$27,339","$25,972",3.5,6.0,240,16,21,3871,106,183,18.5
301,Nissan,Xterra XE V6,SUV,Asia,Front,"$20,939","$19,512",3.3,6.0,180,17,20,3760,104,178,18.5
302,Nissan,Sentra 1.8 4dr,Sedan,Asia,Front,"$12,740","$12,205",1.8,4.0,126,28,35,2513,100,178,31.5
303,Nissan,Sentra 1.8 S 4dr,Sedan,Asia,Front,"$14,740","$13,747",1.8,4.0,126,28,35,2581,100,178,31.5
304,Nissan,Altima S 4dr,Sedan,Asia,Front,"$19,240","$18,030",2.5,4.0,175,21,26,3039,110,192,23.5
305,Nissan,Sentra SE-R 4dr,Sedan,Asia,Front,"$17,640","$16,444",2.5,4.0,165,23,28,2761,100,178,25.5
306,Nissan,Altima SE 4dr,Sedan,Asia,Front,"$23,290","$21,580",3.5,6.0,245,21,26,3197,110,192,23.5
307,Nissan,Maxima SE 4dr,Sedan,Asia,Front,"$27,490","$25,182",3.5,6.0,265,20,28,3473,111,194,24.0
308,Nissan,Maxima SL 4dr,Sedan,Asia,Front,"$29,440","$26,966",3.5,6.0,265,20,28,3476,111,194,24.0
309,Nissan,Quest S,Sedan,Asia,Front,"$24,780","$22,958",3.5,6.0,240,19,26,4012,124,204,22.5
310,Nissan,Quest SE,Sedan,Asia,Front,"$32,780","$30,019",3.5,6.0,240,18,25,4175,124,204,21.5
311,Nissan,350Z coupe 2dr,Sports,Asia,Rear,"$26,910","$25,203",3.5,6.0,287,20,26,3188,104,169,23.0
312,Nissan,350Z Enthusiast convertible 2dr,Sports,Asia,Rear,"$34,390","$31,845",3.5,6.0,287,20,26,3428,104,169,23.0
313,Nissan,Frontier King Cab XE V6,Truck,Asia,All,"$19,479","$18,253",3.3,6.0,180,17,20,3932,116,191,18.5
314,Nissan,Titan King Cab XE,Truck,Asia,All,"$26,650","$24,926",5.6,8.0,305,14,18,5287,140,224,16.0
315,Nissan,Murano SL,Wagon,Asia,Rear,"$28,739","$27,300",3.5,6.0,245,20,25,3801,111,188,22.5
316,Oldsmobile,Alero GX 2dr,Sedan,USA,Front,"$18,825","$17,642",2.2,4.0,140,24,32,2946,107,187,28.0
317,Oldsmobile,Alero GLS 2dr,Sedan,USA,Front,"$23,675","$21,485",3.4,6.0,170,20,29,3085,107,187,24.5
318,Oldsmobile,Silhouette GL,Sedan,USA,Front,"$28,790","$26,120",3.4,6.0,185,19,26,3948,120,201,22.5
319,Pontiac,Aztekt,SUV,USA,Front,"$21,595","$19,810",3.4,6.0,185,19,26,3779,108,182,22.5
320,Pontiac,Sunfire 1SA 2dr,Sedan,USA,Front,"$15,495","$14,375",2.2,4.0,140,24,33,2771,104,182,28.5
321,Pontiac,Grand Am GT 2dr,Sedan,USA,Front,"$22,450","$20,595",3.4,6.0,175,20,29,3118,107,186,24.5
322,Pontiac,Grand Prix GT1 4dr,Sedan,USA,Front,"$22,395","$20,545",3.8,6.0,200,20,30,3477,111,198,25.0
323,Pontiac,Sunfire 1SC 2dr,Sedan,USA,Front,"$17,735","$16,369",2.2,4.0,140,24,33,2771,104,182,28.5
324,Pontiac,Grand Prix GT2 4dr,Sedan,USA,Front,"$24,295","$22,284",3.8,6.0,200,20,30,3484,111,198,25.0
325,Pontiac,Bonneville GXP 4dr,Sedan,USA,Front,"$35,995","$32,997",4.6,8.0,275,17,20,3790,112,203,18.5
326,Pontiac,Montana,Sedan,USA,Front,"$23,845","$21,644",3.4,6.0,185,19,26,3803,112,187,22.5
327,Pontiac,Montana EWB,Sedan,USA,All,"$31,370","$28,454",3.4,6.0,185,18,24,4431,121,201,21.0
328,Pontiac,GTO 2dr,Sports,USA,Rear,"$33,500","$30,710",5.7,8.0,340,16,20,3725,110,190,18.0
329,Pontiac,Vibe,Wagon,USA,Rear,"$17,045","$15,973",1.8,4.0,130,29,36,2701,102,172,32.5
330,Porsche,Cayenne S,SUV,Europe,All,"$56,665","$49,865",4.5,8.0,340,14,18,4950,112,188,16.0
331,Porsche,911 Carrera convertible 2dr (coupe),Sports,Europe,Rear,"$79,165","$69,229",3.6,6.0,315,18,26,3135,93,175,22.0
332,Porsche,911 Carrera 4S coupe 2dr (convert),Sports,Europe,All,"$84,165","$72,206",3.6,6.0,315,17,24,3240,93,175,20.5
333,Porsche,911 Targa coupe 2dr,Sports,Europe,Rear,"$76,765","$67,128",3.6,6.0,315,18,26,3119,93,175,22.0
334,Porsche,911 GT2 2dr,Sports,Europe,Rear,"$192,465","$173,560",3.6,6.0,477,17,24,3131,93,175,20.5
335,Porsche,Boxster convertible 2dr,Sports,Europe,Rear,"$43,365","$37,886",2.7,6.0,228,20,29,2811,95,170,24.5
336,Porsche,Boxster S convertible 2dr,Sports,Europe,Rear,"$52,365","$45,766",3.2,6.0,258,18,26,2911,95,170,22.0
337,Saab,9-3 Arc Sport 4dr,Sedan,Europe,Front,"$30,860","$29,269",2.0,4.0,210,20,28,3175,105,183,24.0
338,Saab,9-3 Aero 4dr,Sedan,Europe,Front,"$33,360","$31,562",2.0,4.0,210,20,28,3175,105,183,24.0
339,Saab,9-5 Arc 4dr,Sedan,Europe,Front,"$35,105","$33,011",2.3,4.0,220,21,29,3470,106,190,25.0
340,Saab,9-5 Aero 4dr,Sedan,Europe,Front,"$39,465","$37,721",2.3,4.0,250,21,29,3470,106,190,25.0
341,Saab,9-3 Arc convertible 2dr,Sedan,Europe,Front,"$40,670","$38,520",2.0,4.0,210,21,29,3480,105,182,25.0
342,Saab,9-3 Aero convertible 2dr,Sedan,Europe,Front,"$43,175","$40,883",2.0,4.0,210,21,30,3700,105,182,25.5
343,Saab,9-5 Aero,Wagon,Europe,Front,"$40,845","$38,376",2.3,4.0,250,19,29,3620,106,190,24.0
344,Saturn,VUE,SUV,USA,All,"$20,585","$19,238",2.2,4.0,143,21,26,3381,107,181,23.5
345,Saturn,Ion1 4dr,Sedan,USA,Front,"$10,995","$10,319",2.2,4.0,140,26,35,2692,103,185,30.5
346,Saturn,lon2 4dr,Sedan,USA,Front,"$14,300","$13,393",2.2,4.0,140,26,35,2692,103,185,30.5
347,Saturn,lon3 4dr,Sedan,USA,Front,"$15,825","$14,811",2.2,4.0,140,26,35,2692,103,185,30.5
348,Saturn,lon2 quad coupe 2dr,Sedan,USA,Front,"$14,850","$13,904",2.2,4.0,140,26,35,2751,103,185,30.5
349,Saturn,lon3 quad coupe 2dr,Sedan,USA,Front,"$16,350","$15,299",2.2,4.0,140,26,35,2751,103,185,30.5
350,Saturn,L300-2 4dr,Sedan,USA,Front,"$21,410","$19,801",3.0,6.0,182,20,28,3197,107,190,24.0
351,Saturn,L300 2,Wagon,USA,Front,"$23,560","$21,779",2.2,4.0,140,24,34,3109,107,190,29.0
352,Scion,xA 4dr hatch,Sedan,Asia,Front,"$12,965","$12,340",1.5,4.0,108,32,38,2340,93,154,35.0
353,Scion,xB,Wagon,Asia,Front,"$14,165","$13,480",1.5,4.0,108,31,35,2425,98,155,33.0
354,Subaru,Impreza 2.5 RS 4dr,Sedan,Asia,All,"$19,945","$18,399",2.5,4.0,165,22,28,2965,99,174,25.0
355,Subaru,Legacy L 4dr,Sedan,Asia,All,"$20,445","$18,713",2.5,4.0,165,21,28,3285,104,184,24.5
356,Subaru,Legacy GT 4dr,Sedan,Asia,All,"$25,645","$23,336",2.5,4.0,165,21,28,3395,104,184,24.5
357,Subaru,Outback Limited Sedan 4dr,Sedan,Asia,All,"$27,145","$24,687",2.5,4.0,165,20,27,3495,104,184,23.5
358,Subaru,Outback H6 4dr,Sedan,Asia,All,"$29,345","$26,660",3.0,6.0,212,19,26,3610,104,184,22.5
359,Subaru,Outback H-6 VDC 4dr,Sedan,Asia,All,"$31,545","$28,603",3.0,6.0,212,19,26,3630,104,184,22.5
360,Subaru,Impreza WRX 4dr,Sports,Asia,All,"$25,045","$23,022",2.0,4.0,227,20,27,3085,99,174,23.5
361,Subaru,Impreza WRX STi 4dr,Sports,Asia,All,"$31,545","$29,130",2.5,4.0,300,18,24,3263,100,174,21.0
362,Subaru,Baja,Truck,Asia,All,"$24,520","$22,304",2.5,4.0,165,21,28,3485,104,193,24.5
363,Subaru,Forester X,Wagon,Asia,All,"$21,445","$19,646",2.5,4.0,165,21,28,3090,99,175,24.5
364,Subaru,Outback,Wagon,Asia,All,"$23,895","$21,773",2.5,4.0,165,21,28,3430,104,187,24.5
365,Suzuki,XL-7 EX,SUV,Asia,Front,"$23,699","$22,307",2.7,6.0,185,18,22,3682,110,187,20.0
366,Suzuki,Vitara LX,SUV,Asia,All,"$17,163","$16,949",2.5,6.0,165,19,22,3020,98,163,20.5
367,Suzuki,Aeno S 4dr,Sedan,Asia,Front,"$12,884","$12,719",2.3,4.0,155,25,31,2676,98,171,28.0
368,Suzuki,Aerio LX 4dr,Sedan,Asia,Front,"$14,500","$14,317",2.3,4.0,155,25,31,2676,98,171,28.0
369,Suzuki,Forenza S 4dr,Sedan,Asia,Front,"$12,269","$12,116",2.0,4.0,119,24,31,2701,102,177,27.5
370,Suzuki,Forenza EX 4dr,Sedan,Asia,Front,"$15,568","$15,378",2.0,4.0,119,22,30,2756,102,177,26.0
371,Suzuki,Verona LX 4dr,Sedan,Asia,Front,"$17,262","$17,053",2.5,6.0,155,20,27,3380,106,188,23.5
372,Suzuki,Aerio SX,Wagon,Asia,All,"$16,497","$16,291",2.3,4.0,155,24,29,2932,98,167,26.5
373,Toyota,Prius 4dr (gas/electric),Hybrid,Asia,Front,"$20,510","$18,926",1.5,4.0,110,59,51,2890,106,175,55.0
374,Toyota,Sequoia SR5,SUV,Asia,All,"$35,695","$31,827",4.7,8.0,240,14,17,5270,118,204,15.5
375,Toyota,4Runner SR5 V6,SUV,Asia,Front,"$27,710","$24,801",4.0,6.0,245,18,21,4035,110,189,19.5
376,Toyota,Highlander V6,SUV,Asia,All,"$27,930","$24,915",3.3,6.0,230,18,24,3935,107,185,21.0
377,Toyota,Land Cruiser,SUV,Asia,All,"$54,765","$47,986",4.7,8.0,325,13,17,5390,112,193,15.0
378,Toyota,RAV4,SUV,Asia,All,"$20,290","$18,553",2.4,4.0,161,22,27,3119,98,167,24.5
379,Toyota,Corolla CE 4dr,Sedan,Asia,Front,"$14,085","$13,065",1.8,4.0,130,32,40,2502,102,178,36.0
380,Toyota,Corolla S 4dr,Sedan,Asia,Front,"$15,030","$13,650",1.8,4.0,130,32,40,2524,102,178,36.0
381,Toyota,Corolla LE 4dr,Sedan,Asia,Front,"$15,295","$13,889",1.8,4.0,130,32,40,2524,102,178,36.0
382,Toyota,Echo 2dr manual,Sedan,Asia,Front,"$10,760","$10,144",1.5,4.0,108,35,43,2035,93,163,39.0
383,Toyota,Echo 2dr auto,Sedan,Asia,Front,"$11,560","$10,896",1.5,4.0,108,33,39,2085,93,163,36.0
384,Toyota,Echo 4dr,Sedan,Asia,Front,"$11,290","$10,642",1.5,4.0,108,35,43,2055,93,163,39.0
385,Toyota,Camry LE 4dr,Sedan,Asia,Front,"$19,560","$17,558",2.4,4.0,157,24,33,3086,107,189,28.5
386,Toyota,Camry LE V6 4dr,Sedan,Asia,Front,"$22,775","$20,325",3.0,6.0,210,21,29,3296,107,189,25.0
387,Toyota,Camry Solara SE 2dr,Sedan,Asia,Front,"$19,635","$17,722",2.4,4.0,157,24,33,3175,107,193,28.5
388,Toyota,Camry Solara SE V6 2dr,Sedan,Asia,Front,"$21,965","$19,819",3.3,6.0,225,20,29,3417,107,193,24.5
389,Toyota,Avalon XL 4dr,Sedan,Asia,Front,"$26,560","$23,693",3.0,6.0,210,21,29,3417,107,192,25.0
390,Toyota,Camry XLE V6 4dr,Sedan,Asia,Front,"$25,920","$23,125",3.0,6.0,210,21,29,3362,107,189,25.0
391,Toyota,Camry Solara SLE V6 2dr,Sedan,Asia,Front,"$26,510","$23,908",3.3,6.0,225,20,29,3439,107,193,24.5
392,Toyota,Avalon XLS 4dr,Sedan,Asia,Front,"$30,920","$27,271",3.0,6.0,210,21,29,3439,107,192,25.0
393,Toyota,Sienna CE,Sedan,Asia,Front,"$23,495","$21,198",3.3,6.0,230,19,27,4120,119,200,23.0
394,Toyota,Sienna XLE Limited,Sedan,Asia,Front,"$28,800","$25,690",3.3,6.0,230,19,27,4165,119,200,23.0
395,Toyota,Celica GT-S 2dr,Sports,Asia,Front,"$22,570","$20,363",1.8,4.0,180,24,33,2500,102,171,28.5
396,Toyota,MR2 Spyder convertible 2dr,Sports,Asia,Rear,"$25,130","$22,787",1.8,4.0,138,26,32,2195,97,153,29.0
397,Toyota,Tacoma,Truck,Asia,Rear,"$12,800","$11,879",2.4,4.0,142,22,27,2750,103,191,24.5
398,Toyota,Tundra Regular Cab V6,Truck,Asia,Rear,"$16,495","$14,978",3.4,6.0,190,16,18,3925,128,218,17.0
399,Toyota,Tundra Access Cab V6 SR5,Truck,Asia,All,"$25,935","$23,520",3.4,6.0,190,14,17,4435,128,218,15.5
400,Toyota,Matrix XR,Wagon,Asia,Front,"$16,695","$15,156",1.8,4.0,130,29,36,2679,102,171,32.5
401,Volkswagen,Touareg V6,SUV,Europe,All,"$35,515","$32,243",3.2,6.0,220,15,20,5086,112,187,17.5
402,Volkswagen,Golf GLS 4dr,Sedan,Europe,Front,"$18,715","$17,478",2.0,4.0,115,24,31,2897,99,165,27.5
403,Volkswagen,GTI 1.8T 2dr hatch,Sedan,Europe,Front,"$19,825","$18,109",1.8,4.0,180,24,31,2934,99,168,27.5
404,Volkswagen,Jetta GLS TDI 4dr,Sedan,Europe,Front,"$21,055","$19,638",1.9,4.0,100,38,46,3003,99,172,42.0
405,Volkswagen,New Beetle GLS 1.8T 2dr,Sedan,Europe,Front,"$21,055","$19,638",1.8,4.0,150,24,31,2820,99,161,27.5
406,Volkswagen,Jetta GLI VR6 4dr,Sedan,Europe,Front,"$23,785","$21,686",2.8,6.0,200,21,30,3179,99,172,25.5
407,Volkswagen,New Beetle GLS convertible 2dr,Sedan,Europe,Front,"$23,215","$21,689",2.0,4.0,115,24,30,3082,99,161,27.0
408,Volkswagen,Passat GLS 4dr,Sedan,Europe,Front,"$23,955","$21,898",1.8,4.0,170,22,31,3241,106,185,26.5
409,Volkswagen,Passat GLX V6 4MOTION 4dr,Sedan,Europe,Front,"$33,180","$30,583",2.8,6.0,190,19,26,3721,106,185,22.5
410,Volkswagen,Passat W8 4MOTION 4dr,Sedan,Europe,Front,"$39,235","$36,052",4.0,8.0,270,18,25,3953,106,185,21.5
411,Volkswagen,Phaeton 4dr,Sedan,Europe,Front,"$65,000","$59,912",4.2,8.0,335,16,22,5194,118,204,19.0
412,Volkswagen,Phaeton W12 4dr,Sedan,Europe,Front,"$75,000","$69,130",6.0,12.0,420,12,19,5399,118,204,15.5
413,Volkswagen,Jetta GL,Wagon,Europe,Front,"$19,005","$17,427",2.0,4.0,115,24,30,3034,99,174,27.0
414,Volkswagen,Passat GLS 1.8T,Wagon,Europe,Front,"$24,955","$22,801",1.8,4.0,170,22,31,3338,106,184,26.5
415,Volkswagen,Passat W8,Wagon,Europe,Front,"$40,235","$36,956",4.0,8.0,270,18,25,4067,106,184,21.5
416,Volvo,XC90 T6,SUV,Europe,All,"$41,250","$38,851",2.9,6.0,268,15,20,4638,113,189,17.5
417,Volvo,S40 4dr,Sedan,Europe,Front,"$25,135","$23,701",1.9,4.0,170,22,29,2767,101,178,25.5
418,Volvo,S60 2.5 4dr,Sedan,Europe,All,"$31,745","$29,916",2.5,5.0,208,20,27,3903,107,180,23.5
419,Volvo,S60 T5 4dr,Sedan,Europe,Front,"$34,845","$32,902",2.3,5.0,247,20,28,3766,107,180,24.0
420,Volvo,S60 R 4dr,Sedan,Europe,All,"$37,560","$35,382",2.5,5.0,300,18,25,3571,107,181,21.5
421,Volvo,S80 2.9 4dr,Sedan,Europe,Front,"$37,730","$35,542",2.9,6.0,208,20,28,3576,110,190,24.0
422,Volvo,S80 2.5T 4dr,Sedan,Europe,All,"$37,885","$35,688",2.5,5.0,194,20,27,3691,110,190,23.5
423,Volvo,C70 LPT convertible 2dr,Sedan,Europe,Front,"$40,565","$38,203",2.4,5.0,197,21,28,3450,105,186,24.5
424,Volvo,C70 HPT convertible 2dr,Sedan,Europe,Front,"$42,565","$40,083",2.3,5.0,242,20,26,3450,105,186,23.0
425,Volvo,S80 T6 4dr,Sedan,Europe,Front,"$45,210","$42,573",2.9,6.0,268,19,26,3653,110,190,22.5
426,Volvo,V40,Wagon,Europe,Front,"$26,135","$24,641",1.9,4.0,170,22,29,2822,101,180,25.5
427,Volvo,XC70,Wagon,Europe,All,"$35,145","$33,112",2.5,5.0,208,20,27,3823,109,186,23.5
